SET REFERENTIAL_INTEGRITY FALSE;

delete from CIDADE;
delete from COZINHA;
delete from ESTADO;
delete from FORMA_PAGAMENTO;
delete from GRUPO;
delete from GRUPO_PERMISSOES;
delete from PERMISSAO;
delete from PRODUTO;
delete from RESTAURANTE;
delete from RESTAURANTE_FORMAS_PAGAMENTO;
delete from RESTAURANTE_PRODUTO;
delete from RESTAURANTE_RESPONSAVEIS;
delete from USUARIO;
delete from USUARIO_GRUPOS;
delete from PEDIDO;
delete from ITEM_PEDIDO;

SET REFERENTIAL_INTEGRITY TRUE;

ALTER TABLE CIDADE ALTER COLUMN ID RESTART WITH 1;
ALTER TABLE COZINHA ALTER COLUMN ID RESTART WITH 1;
ALTER TABLE ESTADO ALTER COLUMN ID RESTART WITH 1;
ALTER TABLE FORMA_PAGAMENTO ALTER COLUMN ID RESTART WITH 1;
ALTER TABLE GRUPO ALTER COLUMN ID RESTART WITH 1;
ALTER TABLE PERMISSAO ALTER COLUMN ID RESTART WITH 1;
ALTER TABLE PRODUTO ALTER COLUMN ID RESTART WITH 1;
ALTER TABLE RESTAURANTE ALTER COLUMN ID RESTART WITH 1;
ALTER TABLE USUARIO ALTER COLUMN ID RESTART WITH 1;
ALTER TABLE PEDIDO ALTER COLUMN ID RESTART WITH 1;
ALTER TABLE ITEM_PEDIDO ALTER COLUMN ID RESTART WITH 1;

INSERT INTO cozinha (ID, NOME) VALUES (1, 'Brasileira');
INSERT INTO cozinha (ID, NOME) VALUES (2, 'Japonesa');
INSERT INTO cozinha (ID, NOME) VALUES (3, 'Italiana');
INSERT INTO cozinha (ID, NOME) VALUES (4, 'Mexicana');
INSERT INTO cozinha (ID, NOME) VALUES (5, 'Chinesa');

INSERT INTO estado (ID, NOME) VALUES (1, 'São Paulo');
INSERT INTO estado (ID, NOME) VALUES (2, 'Rio de Janeiro');

INSERT INTO cidade (NOME, ESTADO_ID) VALUES ('São Paulo', 1);
INSERT INTO cidade (NOME, ESTADO_ID) VALUES ('Rio de Janeiro', 2);
INSERT INTO cidade (NOME, ESTADO_ID) VALUES ('Campinas', 1);

INSERT INTO restaurante (NOME, TAXA_FRETE, ATIVO, ABERTO, DATA_CADASTRO, DATA_ATUALIZACAO, COZINHA_ID, CIDADE_ID, ENDERECO_CEP,
                         ENDERECO_COMPLEMENTO, ENDERECO_LOGRADOURO, ENDERECO_NUMERO, ENDERECO_BAIRRO)
VALUES ('Burger Top', 10, 1, 1, systimestamp, systimestamp, 3, 1, '00000-000', 'Comercio', 'Rua Xyz', '123', 'Centro');
INSERT INTO restaurante (NOME, TAXA_FRETE, ATIVO, ABERTO, DATA_CADASTRO, DATA_ATUALIZACAO, COZINHA_ID, CIDADE_ID, ENDERECO_CEP,
                         ENDERECO_COMPLEMENTO, ENDERECO_LOGRADOURO, ENDERECO_NUMERO, ENDERECO_BAIRRO)
VALUES ('Burger King', 15, 1, 1, systimestamp, systimestamp, 1, 1, '11111-111', 'Comercio', 'Rua Xyz', '123', 'Centro');
INSERT INTO restaurante (NOME, TAXA_FRETE, ATIVO, ABERTO, DATA_CADASTRO, DATA_ATUALIZACAO, COZINHA_ID, CIDADE_ID, ENDERECO_CEP,
                         ENDERECO_COMPLEMENTO, ENDERECO_LOGRADOURO, ENDERECO_NUMERO, ENDERECO_BAIRRO)
VALUES ('Burger Queen', 20, 1, 1, systimestamp, systimestamp, 4, 1, '22222-222', 'Comercio', 'Rua Xyz', '123', 'Centro');

INSERT INTO FORMA_PAGAMENTO (ID, DESCRICAO) VALUES (1, 'Dinheiro');
INSERT INTO FORMA_PAGAMENTO (ID, DESCRICAO) VALUES (2, 'Cartão de crédito');
INSERT INTO FORMA_PAGAMENTO (ID, DESCRICAO) VALUES (3, 'Cartão de débito');

INSERT INTO RESTAURANTE_FORMAS_PAGAMENTO (RESTAURANTE_ID, FORMAS_PAGAMENTO_ID)
VALUES (1, 1), (1, 2), (1, 3), (2, 1), (2, 2), (3, 1), (3, 2);

INSERT INTO PRODUTO (ATIVO, DESCRICAO, NOME, PRECO)
VALUES (1, 'Hamburguer de carne suína, queijo, alface, tomate, cebola, picles e maionese', 'Hamburguer', 12.00);
INSERT INTO PRODUTO (ATIVO, DESCRICAO, NOME, PRECO)
VALUES (1, 'Hamburguer de carne aviaria, queijo, alface, tomate, cebola, e maionese', 'Hamburguer', 11.00);
INSERT INTO PRODUTO (ATIVO, DESCRICAO, NOME, PRECO)
VALUES (0, 'Hamburguer de carne bovina, queijo, alface, tomate, cebola e maionese', 'Hamburguer', 15.00);

INSERT INTO RESTAURANTE_PRODUTO (PRODUTO_ID, RESTAURANTE_ID) VALUES (1, 1), (2, 1), (3, 1);
INSERT INTO RESTAURANTE_PRODUTO (PRODUTO_ID, RESTAURANTE_ID) VALUES (1, 2), (2, 2), (3, 2);
INSERT INTO RESTAURANTE_PRODUTO (PRODUTO_ID, RESTAURANTE_ID) VALUES (1, 3), (2, 3), (3, 3);

INSERT INTO PERMISSAO (NOME, DESCRICAO) VALUES ('CONSULTAR_COZINHAS', 'Permite consultar cozinhas');
INSERT INTO PERMISSAO (NOME, DESCRICAO) VALUES ('EDITAR_COZINHAS', 'Permite editar cozinhas');
INSERT INTO PERMISSAO (NOME, DESCRICAO) VALUES ('CADASTRAR_COZINHAS', 'Permite cadastrar cozinhas');

INSERT INTO GRUPO (NOME) VALUES ('ADMINISTRADOR');
INSERT INTO GRUPO (NOME) VALUES ('USUARIO');

insert into grupo_permissoes (grupo_id, PERMISSOES_ID) values (1, 1), (1, 2), (1, 3);
insert into grupo_permissoes (grupo_id, PERMISSOES_ID) values (2, 1);

INSERT INTO USUARIO (NOME, EMAIL, SENHA, DATA_CADASTRO) VALUES ('Kael Martins', 'kael@admin.com', '$2a$10$3', systimestamp);
INSERT INTO USUARIO (NOME, EMAIL, SENHA, DATA_CADASTRO) VALUES ('Kyra Martins', 'kyra@user.com', '$2a$10$3', systimestamp);
INSERT INTO USUARIO (NOME, EMAIL, SENHA, DATA_CADASTRO) VALUES ('Adam Martins', 'adam@admin.com', '$2a$10$3', systimestamp);

INSERT INTO USUARIO_GRUPOS (USUARIO_ID, GRUPOS_ID) VALUES (1, 1), (2, 2);
INSERT INTO USUARIO_GRUPOS (USUARIO_ID, GRUPOS_ID) VALUES (1, 2), (3, 1);

INSERT INTO RESTAURANTE_RESPONSAVEIS (RESPONSAVEL_ID, RESTAURANTE_ID) VALUES (1, 1), (2, 2), (1, 3);
INSERT INTO RESTAURANTE_RESPONSAVEIS (RESPONSAVEL_ID, RESTAURANTE_ID) VALUES (2, 1), (1, 2), (2, 3);

insert into PEDIDO (SUBTOTAL, TAXA_FRETE, VALOR_TOTAL, STATUS, DATA_CRIACAO, DATA_CONFIRMACAO, DATA_A_CAMINHO, DATA_CANCELAMENTO,
                    DATA_ENTREGA, FORMA_PAGAMENTO_ID, RESTAURANTE_ID, CLIENTE_ID, ENDERECO_CEP, ENDERECO_LOGRADOURO,
                    ENDERECO_NUMERO, ENDERECO_COMPLEMENTO, ENDERECO_BAIRRO, CIDADE_ID)
values (50, 10, 60, 'CRIADO', systimestamp, systimestamp, systimestamp, systimestamp, systimestamp, 1, 1, 1, '00000-000', 'Rua Xyz', '123', 'Comercio', 'Centro', 1);

insert into PEDIDO (SUBTOTAL, TAXA_FRETE, VALOR_TOTAL, STATUS, DATA_CRIACAO, DATA_CONFIRMACAO, DATA_A_CAMINHO, DATA_CANCELAMENTO,
                    DATA_ENTREGA, FORMA_PAGAMENTO_ID, RESTAURANTE_ID, CLIENTE_ID, ENDERECO_CEP, ENDERECO_LOGRADOURO,
                    ENDERECO_NUMERO, ENDERECO_COMPLEMENTO, ENDERECO_BAIRRO, CIDADE_ID)
values (50, 10, 60, 'CRIADO', systimestamp, systimestamp, systimestamp, systimestamp, systimestamp, 2, 2, 2, '11111-111', 'Rua Xyz', '123', 'Comercio', 'Centro', 1);

INSERT INTO ITEM_PEDIDO (QUANTIDADE, PRECO_UNITARIO, PRECO_TOTAL, OBSERVACAO, PEDIDO_ID, PRODUTO_ID)
VALUES (2, 12, 24, 'Sem cebola', 1, 1), (1, 11, 11, 'Sem tomate', 1, 2), (3, 15, 45, 'Sem maionese', 1, 3);

INSERT INTO ITEM_PEDIDO (QUANTIDADE, PRECO_UNITARIO, PRECO_TOTAL, OBSERVACAO, PEDIDO_ID, PRODUTO_ID)
VALUES (2, 12, 24, 'Sem cebola', 2, 1), (1, 11, 11, 'Sem tomate', 2, 2), (3, 15, 45, 'Sem maionese', 2, 3);